country,iso3c,region,Urban population (% of total population),Rural population (% of total population),Proportion of people living below 50 percent of median income (%),"Population, total",Population ages 65 and above (% of total population),Population density (people per sq. km of land area),"Physicians (per 1,000 people)","Life expectancy at birth, total (years)","GDP per capita, PPP (current international $)"
Afghanistan,AFG,South Asia,26.616,73.384,NA,41128771,2.3943397190254,61.4805544056544,0.2538,61.982,1673.96405892148
Albania,ALB,Europe & Central Asia,63.799,36.201,9.6,2775634,16.6551913031639,102.615547445255,1.8754,76.463,18551.716479374
Algeria,DZA,Middle East & North Africa,74.772,25.228,6.3,44903225,6.38778617794156,18.5486033116111,1.7193,76.377,13209.5967685963
American Samoa,ASM,East Asia & Pacific,87.196,12.804,NA,44273,7.26297362922808,225.175,0.781,NA,NA
Andorra,AND,Europe & Central Asia,87.811,12.189,NA,79824,14.9679294447785,168.157446808511,3.3333,NA,NA
Angola,AGO,Sub-Saharan Africa,68.081,31.919,22.8,35588987,2.6000557419631,27.6760840619235,0.214,61.643,6973.69629889611
Antigua and Barbuda,ATG,Latin America & Caribbean,24.346,75.654,NA,93763,10.6182609344838,211.861363636364,2.7673,78.497,25336.6425986007
Argentina,ARG,Latin America & Caribbean,92.347,7.65300000000001,18.8,46234830,11.9183280591447,16.7387416916056,4.0596,75.39,26504.5905619696
Armenia,ARM,Europe & Central Asia,63.573,36.427,6.3,2780469,13.1482854151584,98.0321039690903,2.9143,72.043,18941.5268080528
Aruba,ABW,Latin America & Caribbean,44.052,55.948,NA,106445,16.1421391328855,591.872222222222,1.12,74.626,42887.3749125576
Australia,AUS,East Asia & Pacific,86.488,13.512,11.7,25978935,16.9020843102012,3.33957517011136,4.1292,83.3,62625.357642365
Austria,AUT,Europe & Central Asia,59.256,40.744,11,9042528,19.8070286456344,108.528805138148,5.2933,81.2390243902439,67935.8479736373
Azerbaijan,AZE,Europe & Central Asia,57.17,42.83,0.9,10175016,7.10765341124228,122.65880217785801,3.1678,69.366,17764.4455885439
"Bahamas, The",BHS,Latin America & Caribbean,83.492,16.508,NA,409984,8.89120063221979,40.7498501498501,1.9387,71.598,40378.5517454402
Bahrain,BHR,Middle East & North Africa,89.743,10.257,NA,1472233,3.75558760060398,1852.23417721519,0.9257,78.76,61227.8972211496
Bangladesh,BGD,South Asia,39.711,60.289,7.3,171186372,6.0444183429379,1301.03903357148,0.6672,72.381,7395.09598677725
Barbados,BRB,Latin America & Caribbean,31.324,68.676,NA,281635,16.2763861025796,653.953488372093,2.4878,77.571,17837.4532247473
Belarus,BLR,Europe & Central Asia,80.326,19.674,3.9,9208701,17.1844291443656,45.8368317319537,4.5382,72.3706829268293,22590.5909223364
Belgium,BEL,Europe & Central Asia,98.153,1.84699999999999,7.9,11669446,19.7290949756905,382.858388375165,3.1495,81.890243902439,65027.2948954044
Belize,BLZ,Latin America & Caribbean,46.396,53.604,20.5,405272,5.08682429723211,17.537527400263,1.078,70.47,11450.9168995378
Benin,BEN,Sub-Saharan Africa,49.534,50.466,11,13352864,3.06457850540528,115.261573252927,0.0647,59.821,4056.10834076599
Bermuda,BMU,North America,100,0,NA,63532,20.408513025053,1180.81481481481,1.766,79.28,95837.0324194888
Bhutan,BTN,South Asia,43.686,56.314,8.8,782455,6.25384207398509,20.3850550603041,0.499,71.815,12036.3640775011
Bolivia,BOL,Latin America & Caribbean,70.83,29.17,17.4,12224110,4.84987455119432,11.1506249423059,1.0299,63.63,9683.61749663174
Bosnia and Herzegovina,BIH,Europe & Central Asia,49.841,50.159,11.8,3233526,18.3998028159039,63.88560546875,2.1616,75.3,20376.8921942473
Botswana,BWA,Sub-Saharan Africa,72.224,27.776,19.7,2630296,3.6540374163212,4.5672948317541,0.3784,61.141,18323.0457028393
Brazil,BRA,Latin America & Caribbean,87.555,12.445,22.2,215313498,9.87670916943628,25.6428132335663,2.3106,72.75,17821.7372609877
British Virgin Islands,VGB,Latin America & Caribbean,49.331,50.669,NA,31305,9.93786835758437,207.48,NA,74.494,NA
Brunei Darussalam,BRN,East Asia & Pacific,78.854,21.146,NA,449002,6.17102615470104,84.5110056925996,1.609,74.642,69274.9841410867
Bulgaria,BGR,Europe & Central Asia,76.363,23.637,13,6465097,22.3778828900761,63.3543017686072,4.2071,71.5146341463415,33582.2826109196
Burkina Faso,BFA,Sub-Saharan Africa,31.877,68.123,11.3,22673762,2.53341946519506,80.7773501461988,0.094,59.27,2545.86354868676
Burundi,BDI,Sub-Saharan Africa,14.417,85.583,11.2,12889576,2.48198224355936,488.754400311526,0.0717,61.663,836.18756902761
Cabo Verde,CPV,Sub-Saharan Africa,67.545,32.455,15.8,593149,5.55079284396261,145.887096774194,0.8312,74.052,9082.83764344039
Cambodia,KHM,East Asia & Pacific,25.114,74.886,NA,16767842,5.80586023514951,93.9781497847269,0.1927,69.584,5349.46379391855
Cameroon,CMR,Sub-Saharan Africa,58.733,41.267,21.7,27914536,2.66846451131295,57.5376615684035,0.1292,60.333,4408.04627354922
Canada,CAN,North America,81.752,18.248,11.2,38929902,19.034311795393,4.34950538759999,2.4425,82.5966097560976,58399.5454813184
Cayman Islands,CYM,Latin America & Caribbean,100,0,NA,68706,8.16164644751876,283.9,1.939,82.190243902439,76580.73564719
Central African Republic,CAF,Sub-Saharan Africa,43.12,56.88,15.3,5579144,2.5111560582731,8.7597579376545,0.0718,53.895,967.268323827568
Chad,TCD,Sub-Saharan Africa,24.063,75.937,10.8,17723315,2.00828970224503,13.643376747141,0.0611,52.525,1668.02296131439
Channel Islands,CHI,Europe & Central Asia,31.077,68.923,NA,174079,16.3680491727941,872.136363636364,1.522,81.232,NA
Chile,CHL,Latin America & Caribbean,87.912,12.088,14.1,19603733,13.0310844368264,26.2170074724423,2.8351,78.944,30208.805531053
China,CHN,East Asia & Pacific,63.56,36.44,NA,1412175000,13.7223354484422,150.439753691066,2.2266,78.211,21475.610527214
Colombia,COL,Latin America & Caribbean,82.05,17.95,20.7,51874024,8.99901750440644,46.4322325371789,2.327,72.83,20287.4002631682
Comoros,COM,Sub-Saharan Africa,29.864,70.136,19.2,836774,4.27833816438977,441.496507254164,0.2643,63.417,3832.4689846225
"Congo, Dem. Rep.",COD,Sub-Saharan Africa,46.837,53.163,16.3,99010212,2.92045784125783,42.2990750093734,0.3752,59.193,1337.39111505169
"Congo, Rep.",COG,Sub-Saharan Africa,68.736,31.264,21.5,5970424,2.72087878515831,17.0887437774524,0.1037,63.519,3790.71130701161
Costa Rica,CRI,Latin America & Caribbean,82.042,17.958,18.7,5180829,10.8258929217699,100.939228358794,3.3005,77.023,24922.659274084
Cote d'Ivoire,CIV,Sub-Saharan Africa,52.661,47.339,12,28160542,2.39593928277483,86.4095880503145,0.1623,58.598,6538.29641989437
Croatia,HRV,Europe & Central Asia,58.219,41.781,11.6,3854000,22.3557835750303,69.3173695496783,3.4651,76.4243902439025,40379.5724355217
Cuba,CUB,Latin America & Caribbean,77.401,22.599,NA,11212191,15.8088370060767,108.44289017341,8.4199,73.683,NA
Curacao,CUW,Latin America & Caribbean,89.025,10.975,NA,149996,14.9497681304224,343.173423423423,NA,78.0170731707317,22933.2665182027
Cyprus,CYP,Europe & Central Asia,66.911,33.089,7.1,1251488,14.8290615535021,134.652380952381,3.1437,81.203,49930.8671875
Czechia,CZE,Europe & Central Asia,74.377,25.623,5.6,10526073,20.64345235452,136.108349053848,4.1533,77.3731707317073,49945.5001044375
Denmark,DNK,Europe & Central Asia,88.367,11.633,6.8,5903037,20.4869504696451,146.418325,4.2247,81.4048780487805,74005.4785197575
Djibouti,DJI,Middle East & North Africa,78.38,21.62,17.2,1120849,4.53593862149969,47.6944348576359,0.2237,62.305,5893.18486342005
Dominica,DMA,Latin America & Caribbean,71.7,28.3,NA,72737,9.52328578793607,96.5493333333333,1.1034,72.814,13572.9729784516
Dominican Republic,DOM,Latin America & Caribbean,83.848,16.152,12.9,11228821,7.40438377279324,233.907828575035,1.4518,72.615,22833.5257548031
Ecuador,ECU,Latin America & Caribbean,64.57,35.43,19.8,18001000,7.82842619854453,71.6610444516025,2.22,73.67,12822.1137763438
"Egypt, Arab Rep.",EGY,Middle East & North Africa,42.967,57.033,5.1,110990103,4.83381702961389,109.761593249284,0.7463,70.221,15090.9908752257
El Salvador,SLV,Latin America & Caribbean,74.767,25.233,16.9,6336392,8.22120064541462,304.73778957529,2.8699,70.748,11096.2132011865
Equatorial Guinea,GNQ,Sub-Saharan Africa,74.01,25.99,NA,1674908,3.12473879162318,58.2697326203209,0.4017,60.594,17396.0179702431
Eritrea,ERI,Sub-Saharan Africa,42.625,57.375,NA,3684032,4.01325287256637,29.9098414139249,0.0821,66.536,1628.75050902937
Estonia,EST,Europe & Central Asia,69.609,30.391,9.2,1344768,20.5792036873087,31.1329122807018,3.4724,76.7414634146342,46697.3597360426
Eswatini,SWZ,Sub-Saharan Africa,24.576,75.424,19.8,1201670,4.00130485020644,69.3180813953488,0.1422,57.066,10782.1513723806
Ethiopia,ETH,Sub-Saharan Africa,22.661,77.339,12.4,123379924,3.14095385915072,106.579911903038,0.1059,64.975,2811.58174439039
Faroe Islands,FRO,Europe & Central Asia,42.779,57.221,NA,53090,17.9093794441462,38.6051094890511,NA,83.4975609756098,NA
Fiji,FJI,East Asia & Pacific,58.229,41.771,9.6,929766,5.89798938657684,50.608100711549,0.86,67.114,14125.2957463901
Finland,FIN,Europe & Central Asia,85.681,14.319,6.6,5556880,23.2747109572169,18.2301659134121,4.6404,81.9341463414634,59026.7073352151
France,FRA,Europe & Central Asia,81.509,18.491,11.1,67935660,21.6584199627435,123.730738534984,3.2735,82.3243902439024,55492.5655467571
French Polynesia,PYF,East Asia & Pacific,62.17,37.83,NA,306279,10.0710463335717,87.5920484010372,1.697,79.486,NA
Gabon,GAB,Sub-Saharan Africa,90.735,9.265,15.7,2388992,3.88691048632426,9.08595878449179,0.6455,65.821,16470.5835350355
"Gambia, The",GMB,Sub-Saharan Africa,63.852,36.148,12.7,2705992,2.42607886497817,260.861264822134,0.0823,62.083,2509.82951159683
Georgia,GEO,Europe & Central Asia,60.297,39.703,13.5,3712502,14.6085652772665,64.8834808775675,5.1085,71.694,20113.3772367561
Germany,DEU,Europe & Central Asia,77.648,22.352,10.7,84079811,22.4132250075126,238.118085806692,4.4348,80.9009756097561,63149.5986898098
Ghana,GHA,Sub-Saharan Africa,58.615,41.385,20.6,33475870,3.55488739269678,144.300083943867,0.1701,63.795,6498.38572689223
Gibraltar,GIB,Europe & Central Asia,100,0,NA,32649,20.8306533125057,3266.9,NA,79.329,NA
Greece,GRC,Europe & Central Asia,80.357,19.643,15,10566531,22.8218932917579,82.5540806826998,6.3072,80.1829268292683,36834.8710885703
Greenland,GRL,Europe & Central Asia,87.727,12.273,NA,56661,10.0139907200793,0.138026556218784,1.135,71.1475609756098,NA
Grenada,GRD,Latin America & Caribbean,36.868,63.132,NA,125438,10.0619830592925,366.5,1.4363,74.936,16987.128419108
Guam,GUM,East Asia & Pacific,95.091,4.90900000000001,NA,171774,11.8413967148791,315.803703703704,1.084,76.656,NA
Guatemala,GTM,Latin America & Caribbean,52.666,47.334,19.6,17357886,4.91196211054215,159.665416200075,1.2407,69.237,10818.1717242445
Guinea,GIN,Sub-Saharan Africa,37.668,62.332,9.7,13859341,3.32410838740848,55.0704297574475,0.2245,58.892,3187.01934316651
Guinea-Bissau,GNB,Sub-Saharan Africa,45.041,54.959,9,2105566,2.81955132718502,73.2831081081081,0.1956,59.652,2190.43923388771
Guyana,GUY,Latin America & Caribbean,27.022,72.978,18,808726,6.27654253513708,4.08720853441707,1.4238,65.673,40641.7873448486
Haiti,HTI,Latin America & Caribbean,58.82,41.18,18.2,11584996,4.54285890745491,415.368976777939,0.2343,63.192,3305.07595475506
Honduras,HND,Latin America & Caribbean,59.6,40.4,25.1,10432860,4.27078022089725,91.861158280454,0.5001,70.123,6741.09694744697
"Hong Kong SAR, China",HKG,East Asia & Pacific,100,0,NA,7346100,20.4726283622418,7060.09523809524,1.319,85.4926829268293,69049.4365393847
Hungary,HUN,Europe & Central Asia,72.552,27.448,10,9683505,20.0106949645127,106.398104317335,3.5248,74.4658536585366,41906.6555658699
Iceland,ISL,Europe & Central Asia,93.992,6.008,6.3,381900,15.3250817581728,3.69453535654071,4.1416,83.1170731707317,69081.261667188
India,IND,South Asia,35.872,64.128,NA,1417173173,6.896442960996,473.418732741601,0.7352,67.24,8379.06248736089
Indonesia,IDN,East Asia & Pacific,57.934,42.066,NA,275501339,6.85716522052911,144.647380401484,0.6228,67.57,14652.9282752376
"Iran, Islamic Rep.",IRN,Middle East & North Africa,76.807,23.193,15.4,88550570,7.62273636409116,54.1900967642527,1.5844,73.875,18075.0549731636
Iraq,IRQ,Middle East & North Africa,71.354,28.646,7.6,44496122,3.40504284176768,100.278240518925,0.9663,70.378,10861.8218937668
Ireland,IRL,Europe & Central Asia,64.183,35.817,6.2,5086988,15.136185093354,73.0608941791261,3.4896,82.1024390243903,126905.198534476
Isle of Man,IMN,Europe & Central Asia,53.271,46.729,NA,84519,22.2901223977899,147.829824561404,1.449,80.525,NA
Israel,ISR,Middle East & North Africa,92.763,7.23699999999999,20.5,9550600,12.0448968938769,432.749537892791,3.6259,82.5,49509.1289935125
Italy,ITA,Europe & Central Asia,71.657,28.343,15.6,58856847,24.0535790877503,199.885931481788,3.9477,82.7951219512195,51864.9777354821
Jamaica,JAM,Latin America & Caribbean,57.008,42.992,15.7,2827377,7.44888283380674,261.098337950139,0.5268,70.5,11821.5849455897
Japan,JPN,East Asia & Pacific,91.955,8.045,9.1,125124989,29.9245612556866,344.80546776406,2.4796,84.4456097560976,45572.7238228213
Jordan,JOR,Middle East & North Africa,91.827,8.173,7.5,11285869,3.83844628350933,125.552154424849,2.6614,74.256,11003.1245205792
Kazakhstan,KAZ,Europe & Central Asia,57.99,42.01,3.8,19621972,8.04318053852774,7.03818498351669,4.0712,70.23,30809.8794265678
Kenya,KEN,Sub-Saharan Africa,29.002,70.998,8.7,54027487,2.8730477506755,93.1328214499069,0.1565,61.427,5763.91009193441
Kiribati,KIR,East Asia & Pacific,57.058,42.942,5.7,131232,3.81044185275639,159.103703703704,0.2039,67.417,2364.72656268465
"Korea, Dem. People's Rep.",PRK,East Asia & Pacific,62.916,37.084,NA,26069416,11.714383787608,215.695614982144,3.6834,73.284,NA
"Korea, Rep.",KOR,East Asia & Pacific,81.427,18.573,12.2,51628117,17.4911355963666,530.172909836066,2.4843,83.5268292682927,50069.8233877975
Kosovo,XKX,Europe & Central Asia,NA,NA,6.6,1761985,10.1924217643587,NA,NA,76.806,14723.4049321079
Kuwait,KWT,Middle East & North Africa,100,0,NA,4268873,4.93087988328535,238.502469135802,2.3416,78.673,58056.2326894471
Kyrgyz Republic,KGZ,Europe & Central Asia,37.461,62.539,5,6803300,4.54212221083901,34.8894681960375,2.213,71.9,6132.51472138704
Lao PDR,LAO,East Asia & Pacific,37.592,62.408,10.3,7529475,4.45475282141185,32.1709575389948,0.3539,68.061,9384.26569540426
Latvia,LVA,Europe & Central Asia,68.54,31.46,12.2,1883379,21.8559577143394,30.2826610959344,3.4047,73.2829268292683,39956.1904770152
Lebanon,LBN,Middle East & North Africa,89.262,10.738,10.7,5489739,9.89270984533966,546.689247311828,2.2071,75.047,14330.5156325649
Lesotho,LSO,Sub-Saharan Africa,29.943,70.057,21,2305825,4.19541721609029,75.1467061923584,0.4734,53.062,2694.54661561976
Liberia,LBR,Sub-Saharan Africa,53.065,46.935,12.2,5302681,3.30827934020545,53.9183554817276,0.051,60.747,1724.99785498788
Libya,LBY,Middle East & North Africa,81.302,18.698,NA,6812341,4.86495758212926,3.82786239585346,2.0905,71.911,23374.9889983636
Liechtenstein,LIE,Europe & Central Asia,14.538,85.462,NA,39327,19.3645587001297,243.99375,NA,84.4024390243902,NA
Lithuania,LTU,Europe & Central Asia,68.465,31.535,10.4,2833000,20.7961658948639,44.7346909439387,4.6268,74.3390243902439,48396.6935449884
Luxembourg,LUX,Europe & Central Asia,91.881,8.119,14.3,650774,15.0285130149985,248.62068161867,3.0073,82.7487804878049,142213.851685246
"Macao SAR, China",MAC,East Asia & Pacific,100,0,NA,695168,12.995698165265,20806.2727272727,1.562,85.399,55344.4787919986
Madagascar,MDG,Sub-Saharan Africa,39.882,60.118,14.4,29611714,3.3485616536753,49.7003317291165,0.1991,64.485,1774.06870896083
Malawi,MWI,Sub-Saharan Africa,17.98,82.02,11.1,20405317,2.60866328635481,210.964594823929,0.0501,62.904,1732.03034334458
Malaysia,MYS,East Asia & Pacific,78.214,21.786,17,33938221,7.50252337176832,102.188020088267,2.2855,74.884,33433.6173982921
Maldives,MDV,South Asia,41.536,58.464,7.5,523787,4.78324204304421,1738.19,2.0527,79.918,24771.7229399701
Mali,MLI,Sub-Saharan Africa,45.437,54.563,9.2,22593590,2.38123285451243,17.952108278219,0.1286,58.941,2517.14726297399
Malta,MLT,Middle East & North Africa,94.875,5.125,9.9,523417,19.1282913858605,1620.425,2.8598,82.8609756097561,55927.8593837575
Marshall Islands,MHL,East Asia & Pacific,78.52,21.48,11.3,41569,4.54545454545454,233.611111111111,0.4233,65.269,7227.8589357311
Mauritania,MRT,Sub-Saharan Africa,56.923,43.077,12.1,4736139,3.22325843899429,4.47751431066266,0.1865,64.364,6424.11689465832
Mauritius,MUS,Sub-Saharan Africa,40.81,59.19,10.9,1262523,12.7923790409775,634.118177265899,2.7127,73.680243902439,26905.9186190916
Mexico,MEX,Latin America & Caribbean,81.3,18.7,17,127504125,8.32313814034198,65.1792165436354,2.4253,70.213,21512.2695445099
"Micronesia, Fed. Sts.",FSM,East Asia & Pacific,23.217,76.783,16,114164,6.15561823341859,161.615714285714,0.9391,70.71,3855.09960174907
Moldova,MDA,Europe & Central Asia,43.173,56.827,4.3,2592477,12.9836394544937,90.7834554101434,3.1026,68.846,15238.1482100206
Monaco,MCO,Europe & Central Asia,100,0,NA,36469,35.9181770819052,17603.6468330134,7.5067,NA,NA
Mongolia,MNG,East Asia & Pacific,68.93,31.07,9.9,3398366,4.6106717169369,2.14944908754824,3.8518,70.975,14230.2335543192
Montenegro,MNE,Europe & Central Asia,68.164,31.836,19.9,616159,16.5502146846707,46.0379925650558,2.74,73.8243902439024,26984.0688997887
Morocco,MAR,Middle East & North Africa,64.596,35.404,11.7,37457971,7.72048368183749,83.0754738964822,0.7308,74.042,9518.7060546875
Mozambique,MOZ,Sub-Saharan Africa,38.187,61.813,17.4,32969518,2.56835416022227,40.790803428368,0.085,59.325,1467.7697663869
Myanmar,MMR,East Asia & Pacific,31.771,68.229,6.7,54179306,6.8156428581791,82.4276954663153,0.7369,65.672,4870.02149904408
Namibia,NAM,Sub-Saharan Africa,53.956,46.044,24.1,2567012,3.969010669017,3.07321964313911,0.5902,59.269,11205.7060833117
Nauru,NRU,East Asia & Pacific,100,0,10.3,12668,2.45895168929586,625.55,1.3462,63.617,13117.9943611182
Nepal,NPL,South Asia,21.451,78.549,7.2,30547580,6.08722687689172,209.52207185211,0.8516,68.45,4725.0412440518
Netherlands,NLD,Europe & Central Asia,92.886,7.114,8,17703090,20.3147213387555,520.731927531928,4.0794,81.4609756097561,69577.4045796776
New Caledonia,NCL,East Asia & Pacific,72.325,27.675,NA,276780,11.0187773430292,15.0251641137856,1.982,79.1273414634146,NA
New Zealand,NZL,East Asia & Pacific,86.884,13.116,NA,5124100,16.3083886267852,19.412099806312,3.6183,82.2073170731707,51966.8625777626
Nicaragua,NIC,Latin America & Caribbean,59.556,40.444,18.3,6948392,5.29400183524476,56.9265414658468,1.6645,73.837,6874.8118293988
Niger,NER,Sub-Saharan Africa,16.894,83.106,7.9,26207977,2.40380442954075,19.9358348464514,0.0345,61.576,1505.24267567992
Nigeria,NGA,Sub-Saharan Africa,53.521,46.479,13.2,218541212,2.97448749157319,234.308687154825,0.3806,52.676,5860.29373601491
North Macedonia,MKD,Europe & Central Asia,59.118,40.882,18.4,2057679,14.9079443837966,81.8831086439334,2.8736,74.5368292682927,20161.7509096161
Northern Mariana Islands,MNP,East Asia & Pacific,91.983,8.017,NA,49551,10.7949385481625,107.567391304348,0.445,NA,NA
Norway,NOR,Europe & Central Asia,83.664,16.336,8.3,5457127,18.4354378165875,14.8470090866665,5.047,83.1634146341463,114898.759885569
Oman,OMN,Middle East & North Africa,87.75,12.25,NA,4576298,2.75863809568345,14.6057221324717,1.7738,72.541,41724.3387962114
Pakistan,PAK,South Asia,37.731,62.269,3.5,235824862,4.27369845280838,300.179167963885,1.1179,66.098,6437.16266275667
Palau,PLW,East Asia & Pacific,81.956,18.044,NA,18055,9.88119305436318,39.1826086956522,1.768,69.1292682926829,15211.8738137503
Panama,PAN,Latin America & Caribbean,69.141,30.859,21.5,4408581,8.77115661152155,58.6582232407657,1.6324,76.223,39279.6753765989
Papua New Guinea,PNG,East Asia & Pacific,13.582,86.418,19.5,10142619,3.18727851195428,21.9702270017224,0.0661,65.351,4446.61793832919
Paraguay,PRY,Latin America & Caribbean,62.818,37.182,17.2,6780744,6.258863334171,16.8733929020891,1.0515,70.262,15977.3116536226
Peru,PER,Latin America & Caribbean,78.708,21.292,15.9,34049588,8.4116963704275,26.34021171875,1.3694,72.377,15047.5183272037
Philippines,PHL,East Asia & Pacific,47.977,52.023,11.7,115559009,5.43676218268712,381.930871650401,0.7727,69.266,10133.1958943127
Poland,POL,Europe & Central Asia,60.134,39.866,8.8,37561599,18.5545625689627,123.316314929762,2.3788,75.6024390243903,43268.5437126031
Portugal,PRT,Europe & Central Asia,67.381,32.619,12.3,10379007,22.8970539482312,112.713054660414,5.4837,81.0731707317073,41451.6148656947
Puerto Rico,PRI,Latin America & Caribbean,93.61,6.39,NA,3221789,22.9302021548964,367.834611048478,1.75,80.162,40497.5768357418
Qatar,QAT,Middle East & North Africa,99.318,0.682000000000002,NA,2695122,1.52013526660389,233.963011314186,2.4852,79.272,114648.031550383
Romania,ROU,Europe & Central Asia,54.489,45.511,18,18956666,18.642107018591,83.1010083449235,2.9807,72.9609756097561,41887.9219020734
Russian Federation,RUS,Europe & Central Asia,75.126,24.874,9.8,143555736,15.797929276915,8.75926144617378,3.8187,69.3612195121951,36484.6796875
Rwanda,RWA,Sub-Saharan Africa,17.721,82.279,12.4,13776698,3.19693816315557,545.678475881638,0.1182,66.072,2792.42162516676
Samoa,WSM,East Asia & Pacific,17.616,82.384,11.4,222382,5.21827306166866,78.6920863309353,0.5998,72.767,6041.15666144148
San Marino,SMR,Europe & Central Asia,97.732,2.268,NA,33660,20.457212459708,562.416666666667,6.1094,NA,67982.9705125724
Sao Tome and Principe,STP,Sub-Saharan Africa,75.755,24.245,12.8,227380,3.76023344232879,232.403125,0.4884,67.591,4738.19172200981
Saudi Arabia,SAU,Middle East & North Africa,84.729,15.271,NA,36408820,2.81012265709243,16.7235257176616,2.7384,76.936,59065.0046408666
Senegal,SEN,Sub-Saharan Africa,49.086,50.914,10.4,17316449,3.13908758083138,87.6576118007583,0.0881,67.093,4208.96497879788
Serbia,SRB,Europe & Central Asia,56.873,43.127,14.6,6760087,20.5577047720407,81.2739445831847,2.4603,72.7307317073171,23911.2012200009
Seychelles,SYC,Sub-Saharan Africa,58.396,41.604,14.3,100060,8.15078627874737,215.778260869565,2.2518,73.3975609756097,35227.817901437
Sierra Leone,SLE,Sub-Saharan Africa,43.831,56.169,7.5,8605718,3.14006919585327,116.661692989748,0.074,60.062,1931.06733078033
Singapore,SGP,East Asia & Pacific,100,0,NA,5637022,15.1173040562606,7595.49582172702,2.4601,83.4414634146342,127564.556573776
Sint Maarten (Dutch part),SXM,Latin America & Caribbean,100,0,NA,43389,10.5647990945105,1260.17647058824,NA,73.972,41811.8021562819
Slovak Republic,SVK,Europe & Central Asia,53.909,46.091,8.8,5431752,16.977513589641,113.295486688852,3.565,74.7146341463415,37459.4738440688
Slovenia,SVN,Europe & Central Asia,55.751,44.249,5.4,2108732,20.9591366157132,104.689964442502,3.277,80.8756097560976,50031.6561840507
Solomon Islands,SLB,East Asia & Pacific,25.584,74.416,11.8,724273,3.46644391441067,25.2894247945695,0.1937,70.348,2654.09111021733
Somalia,SOM,Sub-Saharan Africa,47.324,52.676,NA,17597511,2.570008338111,27.2030812637485,0.023,55.28,1364.10169058781
South Africa,ZAF,Sub-Saharan Africa,68.335,31.665,23.5,59893885,5.89299052905826,48.9594795110008,0.7923,62.341,15904.848362637
South Sudan,SSD,Sub-Saharan Africa,20.846,79.154,18.6,10913164,2.89029849135862,17.0086433623977,0.0374,54.975,1181.93160266504
Spain,ESP,Europe & Central Asia,81.304,18.696,16.5,47615034,20.2650393868057,94.8821207500056,4.4411,83.1780487804878,45825.1956330087
Sri Lanka,LKA,South Asia,19.026,80.974,9.5,22181000,11.5368106557382,358.163595215002,1.2291,76.399,14405.4159547053
St. Kitts and Nevis,KNA,Latin America & Caribbean,30.991,69.009,NA,47657,10.1180296910245,183.1,2.7672,71.682,34051.8820291695
St. Lucia,LCA,Latin America & Caribbean,19.05,80.95,23,179857,9.23147491764314,294.509836065574,0.6409,71.111,17755.9651817692
St. Martin (French part),MAF,Latin America & Caribbean,NA,NA,NA,31791,11.1242175458463,638.96,NA,80.379,NA
St. Vincent and the Grenadines,VCT,Latin America & Caribbean,53.875,46.125,NA,103948,10.8540368936242,267.517948717949,0.941,69.629,17206.7869000948
Sudan,SDN,Sub-Saharan Africa,35.956,64.044,9.7,46874204,3.49951649312274,24.4417569593148,0.2618,65.267,4216.02490234375
Suriname,SUR,Latin America & Caribbean,66.307,33.693,31.5,618040,7.39207220238803,3.92939102564103,0.8194,70.274,17619.8029343957
Sweden,SWE,Europe & Central Asia,88.492,11.508,10.1,10486941,20.2490068816582,25.5738569744311,4.4055,83.1560975609756,64578.3963325427
Switzerland,CHE,Europe & Central Asia,74.092,25.908,11.2,8769741,19.3092546947121,220.285662001897,4.3804,83.8512195121951,83598.453356565
Syrian Arab Republic,SYR,Middle East & North Africa,56.769,43.231,10.1,22125249,4.68026155728827,116.126814790612,1.2874,72.063,NA
Tajikistan,TJK,Europe & Central Asia,27.968,72.032,11.7,9952787,3.47230378787369,70.2504791411485,1.7229,71.594,4885.12570059687
Tanzania,TZA,Sub-Saharan Africa,36.682,63.318,9,65497748,3.10342578495981,71.7863332580718,0.0512,66.201,3096.88452148438
Thailand,THA,East Asia & Pacific,52.889,47.111,10,71697030,15.2123345640143,140.149744563409,0.9499,78.715,20671.6849201656
Timor-Leste,TLS,East Asia & Pacific,32.074,67.926,5.4,1341296,5.20645703856569,88.8326832548756,0.7562,67.737,4828.32547036102
Togo,TGO,Sub-Saharan Africa,43.921,56.079,15.8,8848699,3.13477739127398,158.941514984372,0.0827,61.619,2607.92768076896
Tonga,TON,East Asia & Pacific,23.125,76.875,11.9,106858,6.21294714924081,147.245833333333,0.9461,70.986,6778.50356937661
Trinidad and Tobago,TTO,Latin America & Caribbean,53.34,46.66,18.8,1531044,11.5156025837263,297.400194931774,4.476,72.971,27778.1806029423
Tunisia,TUN,Middle East & North Africa,70.214,29.786,10.5,12356117,9.02090438282512,78.9324536560247,1.3025,73.772,12489.7180681742
Turkiye,TUR,Europe & Central Asia,77.022,22.978,17.3,85341241,8.6356688907301,110.150856905266,1.9275,76.032,37273.6997606048
Turkmenistan,TKM,Europe & Central Asia,53.494,46.506,14.2,6430770,5.14761022804344,13.4953184516843,2.2247,69.264,15628.4577257404
Turks and Caicos Islands,TCA,Latin America & Caribbean,94.047,5.953,NA,45703,10.3265685684591,47.4884210526316,NA,74.587,22914.8119436807
Tuvalu,TUV,East Asia & Pacific,65.527,34.473,13.9,11312,6.43150775759183,373.466666666667,1.1864,64.547,5421.25277505721
Uganda,UGA,Sub-Saharan Africa,26.159,73.841,13.4,47249585,1.69406355632542,228.674336724516,0.1537,62.705,2693.81528630238
Ukraine,UKR,Europe & Central Asia,69.919,30.081,5.1,38000000,18.8083423751287,75.5831118398343,2.9923,69.6478048780488,12671.2392578125
United Arab Emirates,ARE,Middle East & North Africa,87.543,12.457,9.1,9441129,1.82894979133056,131.866305266122,2.6011,78.71,87729.1912638061
United Kingdom,GBR,Europe & Central Asia,84.398,15.602,11.5,66971411,19.1698838148618,277.048319761915,3.0037,80.7,54602.544380158
United States,USA,North America,83.084,16.916,15.5,333287557,17.1281205454528,36.2978363298067,2.61,76.3292682926829,76398.5917422057
Uruguay,URY,Latin America & Caribbean,95.688,4.312,17.3,3422794,15.5794966888888,19.5763912695692,4.9398,75.436,28841.9857002361
Uzbekistan,UZB,Europe & Central Asia,50.466,49.534,10.4,35648100,5.13652203249989,79.234908193068,2.3742,70.862,9532.51186508938
Vanuatu,VUT,East Asia & Pacific,25.816,74.184,12.8,326740,3.73736956391999,26.1802296964725,0.1653,70.449,3289.47966806745
"Venezuela, RB",VEN,Latin America & Caribbean,88.378,11.622,19.9,28301696,8.60852135166248,31.9708259168981,1.73,70.554,17402.2756586571
Vietnam,VNM,East Asia & Pacific,38.766,61.234,13.9,98186856,9.11695858761381,310.973231577167,0.8281,73.618,13456.5514254011
Virgin Islands (U.S.),VIR,Latin America & Caribbean,96.136,3.864,NA,105413,20.4172321922284,302.485714285714,1.645,80.0682926829268,NA
West Bank and Gaza,PSE,Middle East & North Africa,77.291,22.709,12.8,5043612,3.53240869839499,817.05377593361,0.837,73.473,6756.78328459017
"Yemen, Rep.",YEM,Middle East & North Africa,39.188,60.812,10.6,33696614,2.66222891118971,62.4687785290831,0.5251,63.753,3437.42953621684
Zambia,ZMB,Sub-Saharan Africa,45.761,54.239,24.6,20017675,1.7474931529261,26.1950322172749,0.1168,61.223,3894.31025862346
Zimbabwe,ZWE,Sub-Saharan Africa,32.395,67.605,16.8,16320537,3.32184535349542,41.3429598035414,0.199,59.253,2530.64598671745
